name,price,comment_num,link
 零基础学Python（全彩版）,39.9,15475,//product.dangdang.com/28486010.html
 Python编程 从入门到实践 第2版,54.9,218258,//product.dangdang.com/29280602.html
 DK编程真好玩：9岁开始学Python,59.0,13745,//product.dangdang.com/27940162.html
 Python爬虫技术――深入理解原理、技术与开发,44.5,2591,//product.dangdang.com/28510027.html
 Python项目开发案例集锦（全彩版）,64.0,3513,//product.dangdang.com/28486019.html
 Python编程快速上手 让繁琐工作自动化 第2版,44.5,44571,//product.dangdang.com/29206214.html
 用Python编程和实践！数学教科书 机器学习 深度学习中必要的基础知识 人工智能 数学基础书 用python学数学 线,44.9,466,//product.dangdang.com/29257459.html
 Python+Office：轻松实现Python办公自动化,62.4,225,//product.dangdang.com/29274777.html
 利用Python进行数据分析（原书第2版）,77.4,33763,//product.dangdang.com/25312917.html
 Python数据分析从入门到实践（全彩版）,49.0,944,//product.dangdang.com/29249036.html
 Python语言程序设计基础（第2版）,32.1,6697,//product.dangdang.com/24189864.html
 Python编程超级魔卡(全彩版),14.9,2540,//product.dangdang.com/28979311.html
 Python编程三剑客新版：Python编程从入门到实践第2版+快速上手第2版+极客编程（当当套装共3册）,133.9,894,//product.dangdang.com/29301947.html
 超简单：用Python让Excel飞起来,34.9,5131,//product.dangdang.com/28999406.html
 Python学习手册（原书第5版）,142.4,10040,//product.dangdang.com/25576578.html
 Python青少年趣味编程全彩版 独家配备71集视频教学课程 手机扫码看视频 少儿编程 小学生趣味编程 教孩子学编程 少,52.3,3535,//product.dangdang.com/28524470.html
 Python网络爬虫从入门到实践（全彩版）,49.0,471,//product.dangdang.com/29249035.html
 看漫画学Python：有趣、有料、好玩、好用（全彩版）,59.7,6170,//product.dangdang.com/28547874.html
 程序员数学 用Python学透线性代数和微积分,102.5,179,//product.dangdang.com/29342404.html
 Python编程300例――快速构建可执行高质量代码,44.5,1476,//product.dangdang.com/28980121.html
 Python黑帽子：黑客与渗透测试编程之道（第2版）,79.0,2,//product.dangdang.com/29385527.html
 流畅的Python,109.6,10379,//product.dangdang.com/25071121.html
 超简单：用Python让Excel飞起来（实战150例）,39.9,879,//product.dangdang.com/29279837.html
 Python Qt GUI与数据可视化编程,66.4,3328,//product.dangdang.com/27918134.html
 用图形学Python 3,29.9,381,//product.dangdang.com/29222668.html
 零基础学Python爬虫 数据分析与可视化从入门到精通,44.9,2932,//product.dangdang.com/29166854.html
 Python工匠：案例、技巧与工程实践（基于Python 3.8，实现Python编程从入门到工匠的跃迁）,78.8,151,//product.dangdang.com/29367298.html
 Django + Vue.js实战派――Python Web开发与运维,96.0,1,//product.dangdang.com/29387504.html
 Python GUI 设计tkinter从入门到实践（全彩版）,49.0,520,//product.dangdang.com/29249040.html
 Python3网络爬虫开发实战 第2版,110.4,449,//product.dangdang.com/29339223.html
 日系图书用Python编程和实践！区块链教科书 从零创建简单区块链程序 比特币 元宇宙 数字货币 新金融底层技术 p2p,44.9,213,//product.dangdang.com/29257456.html
 Python GUI设计PyQt5从入门到实践（全彩版）,49.0,1041,//product.dangdang.com/29225822.html
 Python极客项目编程,46.3,3245,//product.dangdang.com/25060153.html
 Python OpenCV 从入门到实践（全彩版）,49.0,510,//product.dangdang.com/29250278.html
 Python实效编程百例・综合卷(全彩版),39.9,1460,//product.dangdang.com/28980468.html
 Python编程无师自通 专业程序员的养成,46.6,3490,//product.dangdang.com/26440157.html
 笨办法学Python 3,39.6,16148,//product.dangdang.com/25286312.html
 Python数据分析与可视化,29.9,251,//product.dangdang.com/29277911.html
 Python项目开发实战入门（全彩版）,49.0,955,//product.dangdang.com/28976933.html
 Python函数参考手册（全彩版）,26.9,855,//product.dangdang.com/28980472.html
 Python算法从入门到实践（全彩版）,49.0,248,//product.dangdang.com/29249037.html
 Python股票量化交易从入门到实践,49.9,2177,//product.dangdang.com/29279080.html
 时间序列预测：基于机器学习和Python实现,66.7,70,//product.dangdang.com/29362871.html
 少儿编程之旅 趣学Python,38.7,650,//product.dangdang.com/28977660.html
 对比Excel，轻松学习Python数据分析,39.6,29822,//product.dangdang.com/26512595.html
 Python数据分析与挖掘实战（第2版）,39.5,3039,//product.dangdang.com/28481513.html
 Python从入门到实践（全彩版）,44.9,150,//product.dangdang.com/29227961.html
 Python编程实战100例 100个编程实例 1390分钟视频讲解 核心编程应用 项目开发 python进阶 pyth,44.9,480,//product.dangdang.com/29307355.html
 Python编程从数据分析到机器学习实践（微课视频版）,49.9,1181,//product.dangdang.com/28517948.html
 Python+Kivy(App开发)从入门到实践(全彩版),49.0,1100,//product.dangdang.com/28980464.html
 Python从入门到项目实践（全彩版）,49.9,2314,//product.dangdang.com/28486024.html
 Python王者归来（增强版）,84.5,121,//product.dangdang.com/29308247.html
 Python速查手册・模块卷（全彩版）,65.5,831,//product.dangdang.com/28996022.html
 Python速查手册・基础卷（全彩版）,57.7,853,//product.dangdang.com/28994565.html
 程序员的数学基础课 从理论到Python实践,44.5,637,//product.dangdang.com/29211948.html
 非常容易：Python+Office市场营销办公自动化,39.9,12,//product.dangdang.com/29393406.html
 Python编程入门与算法进阶,49.5,1727,//product.dangdang.com/29382153.html
 Python编程锦囊（全彩版）,39.9,30,//product.dangdang.com/28485449.html
 Python进阶：实际应用开发实战,96.7,1764,//product.dangdang.com/29365568.html
" Python游戏编程快速上手 [美]Al Swei,【正版书】",43.06,1,//product.dangdang.com/11063945090.html
 Python面向对象编程指南 Mastering Objec [美]Steven【正版书】,39.5,1,//product.dangdang.com/11074273109.html
" Python游戏编程快速上手 [美]Al Swei,【正版书】",52.28,1,//product.dangdang.com/11061036146.html
 Python 3.0科学计算指南 9787115481146,34.5,4,//product.dangdang.com/11067843154.html
 Python网络爬虫实战 清华科技大讲堂【正版书籍，畅读优品】,62.38,3,//product.dangdang.com/11084287178.html
 Python Flask Web开发入门与项目实战 钱游编著 计算机软件与程序设计 Python/Flask框架知识 F,83.85,2,//product.dangdang.com/697472232.html
 Python期货量化交易实战 基于python的金融分析 金融大数据书 量化交易实战教程书籍程序化交,41.3,49,//product.dangdang.com/1571270045.html
 Python编程从入门到精通 计算机电脑编程入门自学零基础书籍网络爬虫 pathon编程从入门到实践python基础教程,55.0,29,//product.dangdang.com/1728204004.html
 Python参考手册（第4版・修订版）程序设计算法Python基础教程核心编程+Python 3程序开发指南第2版 修订,158.0,8,//product.dangdang.com/1191764087.html
 【包邮特价】Python青少年编程魔法课堂（案例+视频教学版）|233763,45.54,4,//product.dangdang.com/1810621148.html
 Python3面向对象编程(第2版影印版)(英文版),57.35,9,//product.dangdang.com/1250432950.html
 Python机器学习 第2版【正版书籍 开具发票 达额减】,67.2,8,//product.dangdang.com/11120724170.html
 Python网络编程攻略 (英)M.O.Far,35.75,1,//product.dangdang.com/11138378069.html
" Python科学计算 张若愚,【正版书】",37.06,105,//product.dangdang.com/11073684089.html
 Python机器学习及实践/人工智能科学与技术丛书,57.0,9,//product.dangdang.com/11049803185.html
 Python编程初学者指南【领券下单】,145.59,3,//product.dangdang.com/11060242349.html
 Python项目开发实战 第2版【达额立减】,46.2,1,//product.dangdang.com/11094975316.html
 Python UNIX 和Linux 系统管理指南【可开电子发票】,64.39,1,//product.dangdang.com/11060292859.html
 Python开发技术详解【满减】,67.79,9,//product.dangdang.com/11060249199.html
 Python人工智能 李晓东 著 电子工业出版社,78.5,1,//product.dangdang.com/11159931407.html
" Python编程基础 庄浩,周颖,徐卫,赵力 著 机械工业出版社",52.04,1,//product.dangdang.com/11159931387.html
 地理数据处理与分析――Python与Arcpy编程,109.0,88,//product.dangdang.com/29270023.html
 Python网络爬虫技术与实战,44.5,183,//product.dangdang.com/29199545.html
 Python机器学习一本通,97.7,100,//product.dangdang.com/29115119.html
 Python程序设计应用教程（应用型高等院校改革创新示范教材）,27.6,20,//product.dangdang.com/29218184.html
 Python编程超级魔卡,20.0,30,//product.dangdang.com/29284172.html
 利用Python进行数据分析【正版上新】,42.41,1,//product.dangdang.com/11103092107.html
 算法实例精讲―Python语言实现,34.9,599,//product.dangdang.com/28996795.html
 Python入门到人工智能实战,57.6,229,//product.dangdang.com/28538961.html
 Python应用实战：爬虫、文本分析与可视化,33.1,136,//product.dangdang.com/28536353.html
 Python机器学习――数据分析与评分卡建模（微课版）,24.5,448,//product.dangdang.com/27862921.html
 【正版特价】零基础入门Python深度学习|233102,27.14,1,//product.dangdang.com/1810623658.html
 【正版特价】Python网络爬虫从入门到实践 第2版|232582,31.74,2,//product.dangdang.com/1839562500.html
 Python轻松学-爬虫.游戏与架站,44.84,3,//product.dangdang.com/1745451362.html
 Python数据处理,74.25,1,//product.dangdang.com/1008159977.html
 Python核心编程(第3版),74.25,4,//product.dangdang.com/1426202147.html
 Python树莓派开发从入门到精通,67.35,1,//product.dangdang.com/11123088627.html
 Python Web自动化测试设计与实现,60.04,2,//product.dangdang.com/1637027182.html
 Python程序员面试笔试宝典,66.75,32,//product.dangdang.com/1746549962.html
 Python编程轻松入门,71.84,1,//product.dangdang.com/11019643177.html
 Python趣味编程-从入门到人工智能,44.84,51,//product.dangdang.com/1745447432.html
 Python3网络爬虫开发实战 D2版,111.84,409,//product.dangdang.com/11043570577.html
 Python与量化投资-从基础到实战,74.3,248,//product.dangdang.com/1373775277.html
 Python网络编程(原书第2版)-华章程序员书库,81.75,3,//product.dangdang.com/1529369362.html
 Python编程从入门到实战的16堂课（第2版）,60.04,101,//product.dangdang.com/1745451662.html
 Python网络爬虫实例教程(视频讲解版),37.35,232,//product.dangdang.com/1041367913.html
 Python机器学习,59.3,369,//product.dangdang.com/1142350777.html
 Python基础实例教程(微课版),37.35,823,//product.dangdang.com/1334420613.html
 Python数据分析入门与实战,52.43,1103,//product.dangdang.com/1746527862.html
 包邮 Python学习手册（原书第5版）|8053406,153.3,5,//product.dangdang.com/1373262536.html
 Python科学计算及实践,44.5,107,//product.dangdang.com/29213270.html
 三步学Python（全彩印刷）,49.9,17,//product.dangdang.com/29347459.html
 Python程序设计与应用,40.3,10,//product.dangdang.com/29356869.html
 Python 3破冰人工智能 从入门到实战,46.6,615,//product.dangdang.com/27852496.html
 Python大学实用教程,41.0,88,//product.dangdang.com/26919021.html
" Python编程快速上手 (美)斯维加特(Al Sweigart) 著,王海鹏 译【正版图书，放心下单】",25.2,182,//product.dangdang.com/11108235373.html
 Python Web开发从入门到精通,86.1,5,//product.dangdang.com/28542171.html
 Python程序设计语言,50.1,16,//product.dangdang.com/29360544.html
 Python程序设计项目教程,41.0,4,//product.dangdang.com/28986439.html
 Python程序设计教程,45.8,19,//product.dangdang.com/29372545.html
 Python与机器学习实战:决策树、集成学习、支持向量机与神经网络算法详解及编程实现 何宇健 编著 电子工业出版社【正版,67.9,260,//product.dangdang.com/11047280679.html
 Python程序设计实验教程,30.0,124,//product.dangdang.com/29122053.html
 Python机器学习及实践,39.5,160,//product.dangdang.com/28549337.html
 Python项目案例开发超详细攻略――GUI开发、网络爬虫、Web开发、数据分析与可视化、机器学习,39.5,79,//product.dangdang.com/29214825.html
 Python程序设计基础,21.2,147,//product.dangdang.com/23766083.html
 Python无监督机器学习实践,64.5,206,//product.dangdang.com/29130013.html
 Python 3 基础教程实验指导与习题集（微课版）,23.5,249,//product.dangdang.com/28988711.html
 Python大数据分析算法与实例,51.7,152,//product.dangdang.com/28553126.html
 Python语言从入门到精通,86.1,22,//product.dangdang.com/28542148.html
 Python广告数据挖掘与分析实战,44.5,37,//product.dangdang.com/29222008.html
 Python编程：从数据分析到数据科学（第2版）,77.4,109,//product.dangdang.com/29269973.html
 Python AI项目实战 Practical Python AI Projects: Mathematical Mod,39.5,1117,//product.dangdang.com/29250050.html
 Python深度学习与项目实战,39.5,90,//product.dangdang.com/29196896.html
 利用Python进行数据分析【正版书籍 开具发票 达额减】,37.7,414,//product.dangdang.com/11119731520.html
 Python数据分析入门――从数据获取到可视化,39.6,43,//product.dangdang.com/25247679.html
 Python程序设计――从基础入门到实战应用,46.6,62,//product.dangdang.com/27909161.html
 基于股票大数据分析的Python入门实战（视频教学版）,51.7,2,//product.dangdang.com/28551671.html
 Python程序设计（原书第3版）,128.4,127,//product.dangdang.com/29240362.html
 Python绘图指南――分形与数据可视化（全彩）,59.7,20,//product.dangdang.com/29289648.html
 Python数据分析技术手册：基础・实战・强化,64.0,212,//product.dangdang.com/29374779.html
 商品期货量化交易实战（以Python为工具）,82.9,30,//product.dangdang.com/29373976.html
 Python代码编程 学科项目式编程（七年级）,30.4,16,//product.dangdang.com/29322757.html
 PyQt从入门到精通,44.9,356,//product.dangdang.com/29249273.html
 零基础学Python项目开发,44.5,4,//product.dangdang.com/29315254.html
 python程序设计简明教程,30.8,92,//product.dangdang.com/28536409.html
 实战Python设计模式：可复用面向对象软件开发实践,39.6,1,//product.dangdang.com/28520544.html
 从Scratch到Python轻松学,89.6,74,//product.dangdang.com/1605211395.html
 Python机器学习算法与应用,51.7,152,//product.dangdang.com/28544932.html
 简明Python教程【正版书籍 开具发票 满额减】,51.0,7065,//product.dangdang.com/11081742306.html
 Python大学教程,33.1,300,//product.dangdang.com/25173211.html
 Python基础与深度学习实战,29.0,67,//product.dangdang.com/29000676.html
 精通Python爬虫框架Scrapy,46.6,2063,//product.dangdang.com/25227022.html
 NCT全国青少年编程能力等级测试教程：Python语言编程二级,43.5,145,//product.dangdang.com/29149743.html
 Python与语言研究,30.8,3510,//product.dangdang.com/29202535.html
 跟我一起玩Python编程(共2册):教孩子快速掌握编程技巧,60.7,56,//product.dangdang.com/28488756.html
 Python数据挖掘实战,53.0,16,//product.dangdang.com/29197307.html
 Python编程从入门到精通 项目开发视频学习版,39.5,1,//product.dangdang.com/25536364.html
 Python编程快速入门数据分析套装 Python学习手册（上下册）+利用Python进行数据分析 （套装共3册）,253.5,200,//product.dangdang.com/29236777.html
 Python测试技术（21世纪软件工程专业规划教材）,34.0,401,//product.dangdang.com/28544466.html
 水木书荟 零基础入门学习Python 李佳宇,44.43,72,//product.dangdang.com/11085298024.html
 人工智能数学基础与Python机器学习实战,57.6,18,//product.dangdang.com/29323972.html
 跟着迪哥学Python数据分析与机器学习实战,70.3,166,//product.dangdang.com/27920297.html
 Python快乐编程――数据分析与实战,34.9,2,//product.dangdang.com/29219506.html
 Python数据分析与可视化,38.7,227,//product.dangdang.com/29196459.html
 Python数据分析案例实战(慕课版）,47.2,15,//product.dangdang.com/28981429.html
 零起点Python足彩大数据与机器学习实盘分析【正版书籍 达额立减】,65.99,680,//product.dangdang.com/11068460282.html
 Python编程实践 有划线 Paul Gries,38.29,44,//product.dangdang.com/11128347710.html
 Python程序设计基础,39.3,124,//product.dangdang.com/29210094.html
 Python机器学习入门,39.5,151,//product.dangdang.com/29204519.html
 Python学习手册 原书第5版,83.0,201,//product.dangdang.com/11123827999.html
 Python应用编程丛书:解析Python网络爬虫：核心技术、Scrapy框架、分布式爬虫,45.5,11,//product.dangdang.com/25343952.html
 Python开发技术大全,74.5,2850,//product.dangdang.com/29000583.html
 Python语言基础与实践,51.3,7,//product.dangdang.com/29285659.html
 Selenium3自动化测试实战――基于Python语言,46.3,8,//product.dangdang.com/27895220.html
 Python工程应用――数据分析基础与实践,28.5,2,//product.dangdang.com/29201724.html
 流畅的Python 图灵程序设计丛书 Python编程从入门到精通核心编程开发程序设计 Python语言学习书籍 pyt,78.33,3,//product.dangdang.com/1250169550.html
 利用Python进行数据分析【正版书籍，满额减】,43.33,692,//product.dangdang.com/11103065753.html
 Python语言程序设计基础 第二版 Python嵩天 python教材 python教程 python数据分析基础教程,36.4,241,//product.dangdang.com/1855779288.html
 机器学习中的概率统计 Python语言描述,39.5,111,//product.dangdang.com/29175298.html
 Python语言程序设计,30.8,28,//product.dangdang.com/23956641.html
 ArcGIS Python编程基础与应用,52.5,116,//product.dangdang.com/29261182.html
 Python数据分析实战,50.1,213,//product.dangdang.com/29213271.html
 Python编程从小白到大牛,109.8,936,//product.dangdang.com/29159580.html
 超好玩的Python少儿编程,78.2,1,//product.dangdang.com/28534431.html
 Python算法详解,54.5,831,//product.dangdang.com/27880576.html
 Python爬虫技术 深入理解原理、技术与开发 李宁 编,66.8,45,//product.dangdang.com/1612012620.html
 实战Python网络爬虫,74.2,3,//product.dangdang.com/27872249.html
 Python中的图像处理,126.0,13,//product.dangdang.com/29177908.html
 基于Python的ArcGIS二次开发实验实习教程,30.8,3,//product.dangdang.com/29363854.html
 Python程序设计任务驱动式教程（微课版）,47.2,1,//product.dangdang.com/29313974.html
 【正版特价】Python自然语言处理|231816,36.34,109,//product.dangdang.com/1729351025.html
 Python数据结构与算法分析 第2版 数据结构算法入门 python语言实现 Python编程入门进阶图书 pytho,56.42,1,//product.dangdang.com/697472492.html
 Python基础编程入门,24.0,2,//product.dangdang.com/29145385.html
 笨办法学Python [美]Zed A.S,44.03,1,//product.dangdang.com/11086183504.html
 Python数据科学手册/图灵程序设计丛书,78.49,1,//product.dangdang.com/1136698979.html
 Python Django Web从入门到项目实战（视频版）,65.28,910,//product.dangdang.com/683094622.html
 Python网络编程基础【正版图书，退换无忧】,29.0,1,//product.dangdang.com/11061049317.html
 Python编程快速上手 (美)斯维加特(Al Sweigart) 著;王海鹏 译 人民邮电出版社，【正版保证】,18.9,51,//product.dangdang.com/11060509373.html
 Python与机器学习实战:决策树、集成学习、支持向量机与神经网络算法详解及编程实现 何宇健 编著 电子工业出版社，【正,31.9,75,//product.dangdang.com/11057334013.html
 Python 3快速入门与实战,51.4,1,//product.dangdang.com/27939404.html
 Python程序设计教程(适用于高中信息技术课程改革的编程教材),27.97,60,//product.dangdang.com/1357105167.html
 流畅的Python 人民邮电出版社,101.5,1,//product.dangdang.com/1386526947.html
 Python程序设计基础,46.6,186,//product.dangdang.com/28487949.html
 Python Flask Web开发入门与项目实战,71.28,622,//product.dangdang.com/11024602664.html
 PYTHON设计模式 (美)韦塞尔・巴登霍斯特(Wessel Badenhorst) 清华大学出版社【正版开发票】,46.9,1,//product.dangdang.com/11095522675.html
 全3册】Python编程从入门到实践+Python编程快速上手+Python极客项目编程 python程序设计基础语言数,198.0,39,//product.dangdang.com/11104552719.html
 笨办法学Python 3 进阶篇 视频教学 笨方法学Python核心编程流畅的Python 编程进阶,41.3,1,//product.dangdang.com/1614816445.html
 Python+Excel职场办公数据分析数据工作量大的职场人士财务人士数据分析人士商务人士自动化办公用户需要处理大数据的,49.8,1,//product.dangdang.com/593331127.html
 一步到位！Python从基础编程到数据分析（NumPy、matplotlib、SciPy、pandas）,67.3,103,//product.dangdang.com/29140846.html
 Python深度学习实战：基于TensorFlow和Keras的聊天机器人以及人脸、物体和语音识别,49.0,1,//product.dangdang.com/27857147.html
 Python Qt GUI快速编程-PyQt编程指南【正版图书 下单立减】,41.19,1,//product.dangdang.com/11071538140.html
 Python基础案例教程,27.0,1,//product.dangdang.com/27897053.html
 Python算法详解【正版书籍，满额减】,43.6,953,//product.dangdang.com/11104226113.html
 Python绝技:运用Python成为顶级黑客 电子工业出版社 9787121277139 [美] TJ O'Conno,65.57,1315,//product.dangdang.com/11019358672.html
 Python零基础项目开发快速入门（完全自学微视频版）,39.9,1,//product.dangdang.com/29142965.html
 Python科学计算【正版上新】,53.2,581,//product.dangdang.com/11101030807.html
 Python微服务开发【正版图书 无忧售后】,36.78,186,//product.dangdang.com/683820557.html
 Python渗透测试实战 Python编程指南黑客攻防书入门书籍漏洞检测数据bao破教程计算机密码学与网络信息安全教材,69.81,85,//product.dangdang.com/697465472.html
 Python可以这样学,34.5,2946,//product.dangdang.com/24180463.html
 Python机器学习（原书第2版）,64.1,21,//product.dangdang.com/25859443.html
 Python聊天机器人开发：基于自然语言处理与机器学习,51.7,347,//product.dangdang.com/28537043.html
 Python深度学习实战――基于Pytorch,39.3,27,//product.dangdang.com/29285843.html
 Python核心编程 第三3版 习题解答 Python习题集Python从入门到实践开发进阶pyth,77.2,4,//product.dangdang.com/1789128475.html
 Python程序设计项目化教程（微课版）,39.3,9,//product.dangdang.com/29338403.html
 Python网络爬虫权威指南 第2版 Python 3网络爬虫开发实战入门教程 数据采集数据爬取数,59.25,3,//product.dangdang.com/1417089236.html
 Python大数据基础与实战,29.2,41,//product.dangdang.com/27924345.html
 动态语言技术精品书廊・Python源码剖析:深度探索动态语言核心技术【满额减】,269.79,75,//product.dangdang.com/11059280849.html
 Python 3 程序设计学习指导与习题解答,35.5,2,//product.dangdang.com/29146587.html
 Python程序设计与算法思维/计算机科学丛书,97.67,70,//product.dangdang.com/1641724489.html
" PYthon 入门经典,(美)潘曲,尹鲍德,机械工业出版社，【正版保证】",41.9,6,//product.dangdang.com/11051459943.html
 Python爬虫技术：深入理解原理、技术与开发 宁哥大讲堂,69.9,2,//product.dangdang.com/11125187369.html
 Python编程快速上手让繁琐工作自动化第2二版 python从入门到精通零基础自学计算机程序设计书,69.0,2,//product.dangdang.com/618634555.html
 深度强化学习：基于Python的理论及实践,99.4,21829,//product.dangdang.com/29307082.html
 【赠源代码】python编程 从入门到实践python基础教程数据分析python学习手册编程入门迅速掌握Python编,87.0,28,//product.dangdang.com/1609473827.html
" Python核心编程（第二版） [美]丘恩（Chun,【正版书】",27.64,62,//product.dangdang.com/11090160238.html
 【正版特价】Python计算与编程实践：多媒体方法(原书第2版)|217148,22.8,2,//product.dangdang.com/1709250895.html
 Python编程从入门到实践 Python语言程序设计基础 python3数据分析实战 计算机编程入,66.8,6939,//product.dangdang.com/11052753875.html
 【正版特价】Python深度学习：基于TnsorFlow|231871,36.34,1,//product.dangdang.com/1729350085.html
 码农翻身（好玩有趣的编程知识）,46.3,21,//product.dangdang.com/25276414.html
 Python程序设计,62.4,5,//product.dangdang.com/29155203.html
 Python 3破冰人工智能 从入门到实战 大学生数学建模竞赛数学建模算法与应用教程 机器学习深度学习入门书,41.3,1,//product.dangdang.com/1409832136.html
 【正版特价】Python机器学习（原书第2版）|231970,42.72,5,//product.dangdang.com/1734397855.html
 Python机器学习实践指南,54.5,21,//product.dangdang.com/25066760.html
 Python绝技(运用Python成为顶级黑客)/安全技术大系,41.08,200,//product.dangdang.com/11016876094.html
 python语言程序设计基础 第2版 嵩天Python编程从入门到实践 python基础教程python编程书籍 pyt,38.0,6,//product.dangdang.com/1810553398.html
 Python程序设计教程：基于案例的学习方法（原书第3版）,64.4,1,//product.dangdang.com/29272059.html
 Python 3 基础教程（*2版）（慕课版）,39.84,1,//product.dangdang.com/1594988775.html
 全新Python程序设计 陈春晖 Python的Web应用程序开发 程序设计的基本技能 高等院校计算机技术应用课程教材,37.0,4,//product.dangdang.com/11014850387.html
 Python量化交易：策略、技巧与实战 量化交易策略 深层次剖析 实战应用案列 普通投资者也能玩转量化投资 JoinQu,66.0,246,//product.dangdang.com/1778132909.html
 Python少儿趣味编程 教孩子学编程 少儿编程入门教程图书 零基础自学python编程 青少年编程真好玩,51.75,14,//product.dangdang.com/1534660915.html
 Python数据分析与应用：从数据获取到可视化,43.3,50,//product.dangdang.com/26917322.html
 Python 快速入门 第三3版 Python编程基础教程从入门到实践 快速上手零基础学Python,66.75,31,//product.dangdang.com/1510373065.html
 Python编程：从入门到精通（微课版）,41.6,2,//product.dangdang.com/1742865455.html
 Python程序开发 python教程自学入门 py编程爬虫实战 py数据分析可视化 py机器学习基,54.4,50,//product.dangdang.com/11103579113.html
 Python程序设计,28.0,110,//product.dangdang.com/1678892565.html
 Python编程从入门到实践 python编程从入门到实战零基础自学教程计算机基础小甲鱼语言数据分析程序设计pathon,88.8,7,//product.dangdang.com/1675923891.html
 Python算法指南――程序员经典算法分析与实现,59.5,823,//product.dangdang.com/27941769.html
 Python程序设计基础与案例教程,50.1,118,//product.dangdang.com/29130012.html
 Python程序设计 从编程基础到专业应用,33.1,1,//product.dangdang.com/26916586.html
" Python编程 从入门到实践9787115428028,[美]埃里克・马瑟斯(Eric Matthes),人民邮电出版",61.9,1,//product.dangdang.com/1792822134.html
 Python数据分析与应用(大数据人才培养规划教材),35.36,279,//product.dangdang.com/1177429769.html
 Python常用统计算法,112.5,515,//product.dangdang.com/29282251.html
 Python语言程序设计,35.3,33,//product.dangdang.com/26914379.html
 【官方旗舰店】中学生Python创意编程 青少年趣味游戏编程Python少儿编程教材基础入门青少年编程学Python计算,53.8,8,//product.dangdang.com/1732086375.html
 面向中小学教师的Python编程入门,24.0,2,//product.dangdang.com/29124963.html
" Python学习手册(美)鲁特兹 著,侯靖 等译【正版图书，退换无忧】",34.4,1069,//product.dangdang.com/11103293242.html
 Python股票量化交易从入门到实践 股票炒股书籍趋势技术分析入门基础知识 量化投资金融大数据风控金,74.85,160,//product.dangdang.com/1644925065.html
 Python程序开发(*级) python编程语言程序设计教程入门到实战自学 py数据分析爬虫 深度,54.4,9,//product.dangdang.com/11114193304.html
 Python程序设计基础与应用 第2版,47.3,9,//product.dangdang.com/29361109.html
 Python程序设计 第3版 Python之父作序推荐编程入门教程书籍 Python3自学教程书,51.75,11,//product.dangdang.com/1362740669.html
 零基础学Python――基于PyCharm IDE,46.6,125,//product.dangdang.com/29208328.html
 Python程序设计与算法思维,90.4,168,//product.dangdang.com/28970697.html
 Python基础与PyQt可视化编程详解,100.3,21,//product.dangdang.com/29296965.html
 Python程序设计/葛宇,39.3,1,//product.dangdang.com/11092646466.html
 Alink权威指南：基于Flink的机器学习实例入门（Python）,111.7,182,//product.dangdang.com/29394549.html
 Python 3 程序设计,39.3,254,//product.dangdang.com/26909455.html
 pandas数据预处理详解日系图书 python机器学习 深度学习 大数据处理 数据分析 数据之道 人工智能 深入浅出p,64.0,408,//product.dangdang.com/29316742.html
 Python高手修炼之道：数据处理与机器学习实战,62.4,1440,//product.dangdang.com/29149289.html
 Python+Spark 2.0+Hadoop机器学习与大数据实战,74.2,150,//product.dangdang.com/25213411.html
 Python Web开发从入门到精通,72.2,10,//product.dangdang.com/29128606.html
 Python数据分析,41.6,516,//product.dangdang.com/29321301.html
 OpenCV图像处理入门与实践,39.9,714,//product.dangdang.com/29318740.html
 从Excel到Python：用Python轻松处理Excel数据,53.0,79,//product.dangdang.com/29197304.html
 OpenCV 4.5计算机视觉开发实战：基于Python,59.2,1296,//product.dangdang.com/29363176.html
 Python人脸识别：从入门到工程实践,34.5,25,//product.dangdang.com/27859582.html
 Python大数据基础,30.7,16,//product.dangdang.com/28972089.html
 Python数据分析与应用,26.2,30,//product.dangdang.com/28989900.html
 Python数据可视化,39.3,128,//product.dangdang.com/29217327.html
 Python金融数据分析（原书第2版）,57.9,111,//product.dangdang.com/29233720.html
 Python金融数据挖掘,45.6,577,//product.dangdang.com/29123911.html
 NCT全国青少年编程能力等级测试教程：Python语言编程一级,52.2,1319,//product.dangdang.com/29117889.html
 大话Python机器学习,67.3,2,//product.dangdang.com/27874150.html
 Python程序设计基础教程 9787302572404清华社 计算机科学与技术软件工具Python程序设计 Pytho,45.0,660,//product.dangdang.com/678176599.html
 精通Python设计模式 第2版,38.7,136,//product.dangdang.com/28514904.html
 Python 自动化接口测试自学手册,55.1,756,//product.dangdang.com/29140329.html
 父与子的编程之旅：与爸爸一起学Python,32.3,31,//product.dangdang.com/28486681.html
 Python程序开发 初级,34.9,304,//product.dangdang.com/29334517.html
 Python深度学习：逻辑 算法与编程实战,94.0,1,//product.dangdang.com/28996648.html
 Python Qt GUI与数据可视化编程 王维波 栗宝鹃 王维波、栗宝鹃、张晓,66.32,78,//product.dangdang.com/11098002328.html
 笨办法学Python 3 编程从入门到实践教程书 Python基础教程自学书籍 代码基于Python3.6,38.5,43,//product.dangdang.com/1333617569.html
 Python编程轻松入门 北京八中老师教你学编程,44.9,223,//product.dangdang.com/29311960.html
 计量经济分析及其Python应用,46.7,170,//product.dangdang.com/29171150.html
 Python机器学习实战,34.5,48,//product.dangdang.com/29194802.html
 Python大数据分析与应用实战,86.1,19,//product.dangdang.com/29325139.html
 Python程序设计基础（原书第5版）,118.1,98,//product.dangdang.com/29315877.html
 Python Django Web从入门到项目实战（视频版）,96.0,25,//product.dangdang.com/29287338.html
 Python图形化编程 学科项目式编程（五年级）,30.4,21,//product.dangdang.com/29304774.html
 Python编程项目案例实战（微课视频版）,33.9,5,//product.dangdang.com/29293861.html
 笨办法学python3编程从入门到实践 python基础教程核心编程从入门到精通 笨方法学python视频程序设计教材计,31.46,109,//product.dangdang.com/1293529785.html
 笨办法学Python 3基础篇+进阶篇 基础教程核心编程从入门到实践 零基础自学教材python视频,82.6,3452,//product.dangdang.com/1623053515.html
 量化交易之路 用Python做股票量化分析,44.5,257,//product.dangdang.com/25159105.html
 Python 3.8从零开始学,59.8,125,//product.dangdang.com/28541643.html
 Python编程完全自学教程,72.2,55,//product.dangdang.com/29205716.html
 Python基础入门-微课视频版,33.8,134,//product.dangdang.com/29121404.html
 Python第三方库开发应用实战,78.2,135,//product.dangdang.com/28553318.html
 Python计算机视觉和自然语言处理 开发机器人应用系统,44.9,43,//product.dangdang.com/29248753.html
 Python自动化运维实战 运维工程师系统运维教程书籍 软件自动化测试开发技术 DevOps实战,55.3,125,//product.dangdang.com/1590830925.html
 Python语言,47.2,79,//product.dangdang.com/26512016.html
 Python数据分析,49.5,116,//product.dangdang.com/28558349.html
 Python 3网络爬虫实战,59.2,1,//product.dangdang.com/28996684.html
 Python程序开发,34.9,97,//product.dangdang.com/29375740.html
 Python语言程序设计,33.1,292,//product.dangdang.com/25198439.html
 自己动手写Python虚拟机,39.5,302,//product.dangdang.com/27886076.html
 数字图像处理与Python实现,39.3,17,//product.dangdang.com/29121467.html
 Python程序设计与实践,50.9,92,//product.dangdang.com/29216104.html
 Python程序设计：人工智能案例实践,113.2,56,//product.dangdang.com/29236960.html
 Python基础与大数据应用实战,18.7,5117,//product.dangdang.com/27931221.html
 Python网络爬虫权威指南 第2版【正版上新】,39.18,509,//product.dangdang.com/11102428607.html
 从零开始学Python数据分析与挖掘（第2版）,59.8,27,//product.dangdang.com/28551660.html
" Python统计分析 建模 数据分析 讲述统计数据分析与应用 Springer""统计和计算""系列从书",59.25,35,//product.dangdang.com/1382655015.html
 Python数据预处理,31.4,264,//product.dangdang.com/29262485.html
 Python大数据分析从入门到精通,57.6,3,//product.dangdang.com/29136167.html
 Python大数据分析与挖掘实战 微课版 黄恒秋 Python基础入门书籍 Python科学计算,46.9,120,//product.dangdang.com/11000324157.html
 Python超入门 从基础入门到人工智能应用 全彩印刷,39.5,129,//product.dangdang.com/29212989.html
 Python爬虫超详细实战攻略-微课视频版,44.5,2198,//product.dangdang.com/29216105.html
 深入浅出Python机器学习,34.5,488,//product.dangdang.com/25314043.html
 计算机二级python 2022年考试3月考试计算机python上机题库 二级python2022 全国计算机等级考试,36.0,3243,//product.dangdang.com/1502991171.html
 趣学Python――教孩子学编程,46.5,13,//product.dangdang.com/23648843.html
 Python核心编程 第3版(第3版) 人民邮电出版社,49.5,25,//product.dangdang.com/1476995646.html
 Python程序设计及应用,33.6,1,//product.dangdang.com/29314348.html
 Python机器学习入门：机器学习算法的理论与实践,39.5,314,//product.dangdang.com/29375538.html
 零基础入门Python游戏,39.5,922,//product.dangdang.com/29131959.html
 Python爬虫开发 从入门到实战（微课版）,39.3,77,//product.dangdang.com/25349717.html
 Python+Tableau数据可视化之美,64.4,1508,//product.dangdang.com/29289679.html
 Python数据分析 第2版,54.5,271,//product.dangdang.com/25278605.html
 Python数据预处理技术与实践,51.7,25,//product.dangdang.com/28486435.html
 Python核心编程 【上新】,34.89,109,//product.dangdang.com/11138618620.html
 统计学――Python实现,40.0,1,//product.dangdang.com/29347837.html
 Python从入门到精通,62.4,2,//product.dangdang.com/28507693.html
 python编程从入门到实践+利用python进行数据分析+python网络爬虫从入门到实践python编程书籍 pyt,286.0,1,//product.dangdang.com/697473122.html
 【正版清仓】 Python编程练习与解答 本・斯蒂芬森 9787302569558 清华大学出版社,34.86,3,//product.dangdang.com/678133721.html
 Python神经网络编程【正版上新】,30.4,2,//product.dangdang.com/11101030837.html
 全3册】Python编程从入门到实践+Python编程快速上手+Python客项目编程 python程序设计基础语言数据,199.5,1,//product.dangdang.com/644131050.html
" Python核心编程（第二版） [美]丘恩（Chun,【正版书】",77.03,68,//product.dangdang.com/11087833424.html
 (教)Python在数据分析中的应用――统计分析方法与计量模型实践,30.0,131,//product.dangdang.com/29373169.html
 Python数据分析基础教程―― 数据可视化（第2版）,37.9,2,//product.dangdang.com/29178508.html
 Python数据可视化方法、实践与应用,39.5,15,//product.dangdang.com/29201498.html
 Python数据处理、分析、可视化与数据化运营,39.84,978,//product.dangdang.com/1733767675.html
 包邮 深入浅出Pandas：利用Python进行数据处理与分析|8082133,69.3,204,//product.dangdang.com/677213782.html
 物联网Python开发实战,40.7,761,//product.dangdang.com/25244043.html
 用Python学数学,86.7,2,//product.dangdang.com/29251971.html
 Python地理数据处理,62.4,733,//product.dangdang.com/25097337.html
 Python数据处理/图灵程序设计丛书,69.96,253,//product.dangdang.com/1312398767.html
 Python自动化测试实战,34.9,3,//product.dangdang.com/27856966.html
 Python趣味编程与精彩实例,47.2,222,//product.dangdang.com/28512724.html
 明解Python python编程自学入门基础教程 py爬虫入门案例实战 py数据分析可视化指导 p,101.2,1,//product.dangdang.com/11103572103.html
 一步到位！Python数据科学与人工智能应用实战（NumPy、Pandas、Matplotlib、Scikit-lear,81.0,450,//product.dangdang.com/29171208.html
 Python程序开发中级 python考试自学入门基础教程 py程序开发与设计 py编程教程数据分析,54.4,8,//product.dangdang.com/11103574673.html
 Python强化学习实战：应用OpenAI Gym和TensorFlow精通强化学习和深度强化学习,34.5,254,//product.dangdang.com/26435983.html
 Python计算机视觉编程,51.75,30,//product.dangdang.com/1231686697.html
 数据荒岛求生――从Excel数据分析到Python数据分析 数据可视化 数据之道 数据治理 数据中台 大数据分析 数据建,34.5,1258,//product.dangdang.com/29225654.html
 包邮 [套装书]Python学习手册（原书第5版）+Python 3标准库（2册|8067181,284.24,2529,//product.dangdang.com/1571659345.html
 Python程序员面试算法宝典,42.3,67,//product.dangdang.com/25351230.html
 Python编程快速上手 让繁琐工作自动化【正版上新】,29.71,386,//product.dangdang.com/11101030687.html
 Python程序设计 第3版,54.5,26,//product.dangdang.com/25218232.html
 Python大学教程：面向计算机科学和数据科学（英文版）,120.0,36,//product.dangdang.com/29213855.html
 用Python动手学机器学习,44.5,254,//product.dangdang.com/29216378.html
 Python程序设计基础教程（慕课版）,55.1,167,//product.dangdang.com/29302189.html
 Python编程从入门到精通 计算机电脑编程入门自学零基础教程全套书籍 pathon编程从入门到实践python基础教程,49.8,1334,//product.dangdang.com/1784265932.html
 Python人工智能,29.9,184,//product.dangdang.com/28541651.html
 图解Python+图解算法 轻松快速掌握实力派脚本语言&程序设计精华（套装2册）,69.9,78,//product.dangdang.com/28990078.html
 Python测试之道,47.2,11,//product.dangdang.com/25293877.html
 基于Python的无监督学习,49.0,12,//product.dangdang.com/29175663.html
 Python数据分析编程超级魔卡,20.0,155,//product.dangdang.com/29277390.html
 Python算法从入门到实践,44.7,142,//product.dangdang.com/29236469.html
 计算思维与Python语言程序设计（提高篇）,27.0,997,//product.dangdang.com/29388406.html
 Django实战 Python Web典型模块与项目开发,85.3,24,//product.dangdang.com/29138269.html
 Python程序设计基础教程,38.7,16480,//product.dangdang.com/29265938.html
 教孩子学编程 Python语言版,39.6,219,//product.dangdang.com/23928893.html
 Python青少年编程魔法课堂（案例+视频教学版）,49.5,4,//product.dangdang.com/29143914.html
 计算思维与python语言程序设计（基础篇）,21.0,10,//product.dangdang.com/29388429.html
 Python游戏化编程,27.0,21,//product.dangdang.com/29195295.html
 Python快速编程入门（*2版）,38.8,173,//product.dangdang.com/1842261430.html
 Python语言程序设计实训（微课版）,25.5,5,//product.dangdang.com/29206980.html
 Python强化学习实战：使用OpenAI Gym、TensorFlow和Keras,37.3,38,//product.dangdang.com/29211994.html
 Python 3 基础教程实验指导与习题集（微课版）,23.84,122,//product.dangdang.com/1687751915.html
 Python数据挖掘技术及应用（微课版）,34.5,387,//product.dangdang.com/29285937.html
 精通Python网络编程（第三版）,64.0,185,//product.dangdang.com/29187989.html
 中学生Python创意编程,54.5,6233,//product.dangdang.com/29118159.html
 Python元学习 通用人工智能的实现,46.6,454,//product.dangdang.com/28982765.html
 Python自然语言处理,59.7,3,//product.dangdang.com/23503127.html
 算法―Python语言实现,39.9,92,//product.dangdang.com/29116672.html
 Python编程从入门到精通 第2二版计算机电脑编程入门自学零基础教程全套书籍 pathon编程从入门到实践python,46.4,231,//product.dangdang.com/1766640187.html
 PYTHON基础教程(第3版) 人民邮电出版社,49.5,255,//product.dangdang.com/1485860357.html
 流畅的Python 语言程序设计 python核心编程 python数据分析代码大全 入门到精通教程 Python网络爬,95.9,249,//product.dangdang.com/1369218747.html
 Python 3.8从入门到精通（视频教学版）,66.7,468,//product.dangdang.com/28541649.html
 全国计算机等级考试教程 二级Python语言程序设计,21.0,3,//product.dangdang.com/29299171.html
 基于Python语言的Selenium自动化测试,59.8,24,//product.dangdang.com/28510823.html
 Python物理学高效计算 Python编程教程 Python物理建模程序设计书籍 数据可视化 控制,77.22,15,//product.dangdang.com/1230043397.html
" 利用Python进行数据分析 Wes McKinn,【正版书】",30.9,294,//product.dangdang.com/11070109919.html
 Python程序设计项目学习课堂（微课版）,73.5,324,//product.dangdang.com/29353546.html
 Web接口开发与自动化测试:基于Python语言 虫师 编著,33.0,6,//product.dangdang.com/1310032747.html
 Python实战指南――手把手教你掌握300个精彩案例,66.7,296,//product.dangdang.com/29000151.html
 OpenCV 4详解：基于Python,49.9,2,//product.dangdang.com/29286744.html
 Python与数据分析及可视化（微课视频版）,24.9,966,//product.dangdang.com/29369895.html
 我跟爸爸学编程：从Python到C++,29.5,443,//product.dangdang.com/28975037.html
 Python网络爬虫技术手册：基础・实战・强化,64.0,25,//product.dangdang.com/29369059.html
 Python树莓派编程,24.5,4,//product.dangdang.com/24102279.html
 Python网络爬虫开发从入门到精通,59.2,61,//product.dangdang.com/28496650.html
 Python数据分析从0到1,64.5,5,//product.dangdang.com/29362085.html
 Python程序设计（高职）,30.7,3,//product.dangdang.com/29223366.html
 Python程序设计,58.6,998,//product.dangdang.com/28498191.html
 Python编程基础与自动化测试,54.5,3,//product.dangdang.com/29378833.html
 Python机器学习基础教程 计算机与互联网 编程语言与程序设计机器学习人工智能,59.3,41,//product.dangdang.com/1167077977.html
 Python Web开发实战 董伟明 著 电子工业出版社，【正版保证】,20.9,294,//product.dangdang.com/11057248743.html
 Python渗透测试编程技术：方法与实践,51.7,151,//product.dangdang.com/26482920.html
 Python期货量化交易 Python期货量化交易实战从入门到实践基于Python的金融分析与风险管,85.6,3364,//product.dangdang.com/11085586403.html
 Python趣味创意编程 青少年Python创意编程少儿编程中小学生计算机编程真好玩趣味编程入门Py,61.6,4144,//product.dangdang.com/1862869570.html
 Numpy数据处理详解――Python机器学习和数据科学中的高性能计算方法,64.0,4813,//product.dangdang.com/29297983.html
 Python深度学习,34.5,1601,//product.dangdang.com/29181071.html
 趣学Python编程,35.5,518,//product.dangdang.com/23426467.html
 Python从菜鸟到高手,64.0,940,//product.dangdang.com/25333314.html
 基于Python的金融分析与风险管理,93.2,1038,//product.dangdang.com/27943466.html
 强化学习：原理与Python实现,44.5,67,//product.dangdang.com/27907711.html
 Python自动化运维实战,62.4,1414,//product.dangdang.com/28530456.html
 python在机器学习中的应用,39.9,33,//product.dangdang.com/27874149.html
 Python网络爬虫从入门到实践 第2版,34.5,24,//product.dangdang.com/27882003.html
 Python程序设计应用教程 （第2版）,44.3,13,//product.dangdang.com/29203300.html
 Python深度学习：基于TensorFlow,39.5,843,//product.dangdang.com/25479613.html
 Python量化金融与人工智能,58.6,49,//product.dangdang.com/29279853.html
 Python高性能编程,62.4,1952,//product.dangdang.com/25098886.html
 Python绝技:运用Python成为很好黑客 (美)奥科罗(TJ.O'Connor) 著;崔孝晨 等 译,44.2,16,//product.dangdang.com/1091356472.html
 Python 3高级教程（第3版）,66.7,247,//product.dangdang.com/29156568.html
 机器学习线性代数基础：Python语言描述,35.7,2613,//product.dangdang.com/27921482.html
 Python密码学编程,59.8,106,//product.dangdang.com/29261873.html
 Python数据挖掘入门与实践 第2版,62.4,196,//product.dangdang.com/28529103.html
 量化投资：以Python为工具,96.0,5061,//product.dangdang.com/29256291.html
 Python实战速成手册 数据分析+机器学习+深度学习,34.9,4,//product.dangdang.com/29375738.html
 Python数据挖掘入门与实践【正版特惠 满额立减】,8.52,2,//product.dangdang.com/11130336802.html
 利用Python进行数据分析【满额减】,39.2,57,//product.dangdang.com/655408946.html
 Python程序设计案例教程――从入门到机器学习（第2版）（微课版）,42.3,257,//product.dangdang.com/29246961.html
 写给新手的深度学习――用Python学习神经网络和反向传播,44.9,391,//product.dangdang.com/29238213.html
 数亦有道 Python数据科学指南,44.9,212,//product.dangdang.com/29307621.html
 Python程序设计实验指导书,33.1,284,//product.dangdang.com/27856609.html
 Python趣味创意编程,39.5,28,//product.dangdang.com/29188794.html
 离散数学及其应用――Python建模与实现,44.2,365,//product.dangdang.com/29345552.html
 Python自动化开发实战,51.7,1187,//product.dangdang.com/27866832.html
 Python黑客攻防入门,41.3,108,//product.dangdang.com/25219985.html
 Python快速编程入门（第2版）,39.3,396,//product.dangdang.com/29177465.html
 Python程序员面试笔试宝典,70.3,16,//product.dangdang.com/28532402.html
 Python数据分析教科书,44.9,1969,//product.dangdang.com/29345757.html
 图解Python--轻松快速掌握实力派脚本语言精华,34.9,561,//product.dangdang.com/27931595.html
 网络工程师的Python之路：网络运维自动化实战,53.0,80,//product.dangdang.com/29148403.html
 Python安全实践――PythonHacking,28.5,40,//product.dangdang.com/27931218.html
 Python网络程序设计（微课版）,50.8,7,//product.dangdang.com/29289738.html
 【正版特价】Python人脸识别：从入门到工程实践|232376,31.74,109,//product.dangdang.com/1734395065.html
 Python超实用 你的Python实践工具书（全彩印刷）,39.9,58,//product.dangdang.com/29267636.html
 Python数据科学实战,44.9,185,//product.dangdang.com/29286595.html
 Python游戏趣味编程 少儿编程入门教程书籍青少年编程真好玩中小学编程自学Python少儿趣味编程,48.3,1308,//product.dangdang.com/1656965525.html
 Python数据分析与大数据处理从入门到精通,64.9,2685,//product.dangdang.com/28476522.html
 Python计算机视觉编程【陈熙霖作序推荐！ Amazon.com计算机视觉类图书卖的很好的作品！】,54.5,29,//product.dangdang.com/23492776.html
 Python+Excel办公自动化一本通,66.4,117,//product.dangdang.com/29295464.html
 Python语言程序设计,41.6,111,//product.dangdang.com/28470946.html
 Python程序员面试秘笈,46.6,145,//product.dangdang.com/29115331.html
 编程猫：零基础趣味学Python,39.9,248,//product.dangdang.com/29267133.html
 数据结构 Python语言描述 第2版,59.9,55,//product.dangdang.com/29266303.html
 数据科学：理论、方法与Python语言实践,42.6,37,//product.dangdang.com/29392791.html
 人工智能基础――基于Python的人工智能实践(罗娜),36.7,34,//product.dangdang.com/29391135.html
 Python图像处理实战 图像处理 计算机视觉人脸识别图像修复编程入门教程书籍 零基础 深度学习爬,69.4,357,//product.dangdang.com/1797551286.html
 Python编程从入门到实践第2版 百万册纪念版 计算机编程入门精通教程零基础深度学习数据分析语言程序设计开发教材书籍,54.9,89,//product.dangdang.com/666821115.html
 [北京发货] Python参考手册（第4版・修订版）程序设计算法Python基础教程核心编程经典著作,66.75,282,//product.dangdang.com/1230357597.html
 Python神经网络入门与实战,50.3,661,//product.dangdang.com/29145320.html
 Python异步编程实战――基于AIO的全栈开发技术,59.2,36,//product.dangdang.com/29239530.html
 Python机器学习,39.9,61,//product.dangdang.com/29197510.html
 基于Python的智能文本分析,44.0,83,//product.dangdang.com/28498219.html
 Python编程快速上手 让繁琐工作自动化 第2版,69.4,16,//product.dangdang.com/1817970688.html
 学Python不加班 轻松实现办公自动化 编程基础入门实践教程 Excel办公,77.2,440,//product.dangdang.com/664488202.html
 Python机器学习：原理与实践（数据科学与大数据技术丛书）,55.2,13544,//product.dangdang.com/29203021.html
 【新华网】利用Python进行数据分析 原书第二版 python基础入门教程数据分析爬虫程序大数据处理手册计算机程序设计,77.35,7,//product.dangdang.com/633588228.html
 Python 3.x网络爬虫从零基础到项目实战,71.3,540,//product.dangdang.com/28970219.html
 labuladong的算法小抄【Python，Java，C++零基础，刷数据结构与算法题，搞定大厂笔试面试】,75.7,3987,//product.dangdang.com/29363556.html
 Python财务数据分析,44.2,138,//product.dangdang.com/29370764.html
 Python极简讲义：一本书入门数据分析与机器学习,85.8,18,//product.dangdang.com/28537703.html
 Python游戏编程入门,55.1,635,//product.dangdang.com/29237167.html
 Python文本分析（原书第2版）,83.9,525,//product.dangdang.com/29143915.html
 Python树莓派编程（原书第2版）,66.7,96,//product.dangdang.com/29342847.html
 Python+Superset：商业智能数据分析与实战,62.4,9,//product.dangdang.com/29376156.html
 Python编程与3D物理学仿真（视频版）,67.4,163,//product.dangdang.com/29236387.html
 深入浅出Pandas：利用Python进行数据处理与分析,49.5,1159,//product.dangdang.com/29271487.html
 Python深度学习（第2版）,59.3,1,//product.dangdang.com/29356525.html
 Python自动化测试入门与进阶实战,39.5,288,//product.dangdang.com/29213853.html
 Python+Excel职场办公数据分析,70.3,133,//product.dangdang.com/29276643.html
 自然语言处理实战 利用Python理解、分析和生成文本,66.4,1657,//product.dangdang.com/29127954.html
 玩着也能学Python,44.0,2199,//product.dangdang.com/28496564.html
 Python 游戏开发从入门到精通,77.4,87,//product.dangdang.com/29267438.html
 Python商业数据分析：零售和电子商务案例详解（双色）,53.0,201,//product.dangdang.com/29271467.html
 Python编程与计算思维,29.2,68,//product.dangdang.com/29347580.html
 Python设计模式 第2版,30.8,991,//product.dangdang.com/25113288.html
 Python迁移学习,70.3,365,//product.dangdang.com/29139157.html
 2021年新版【新华书店正版】python编程从入门到实战第2版 计算机零基础自学python编程从入门到实践编程精通教,66.98,537,//product.dangdang.com/1281255890.html
 小天才学Python,18.0,1111,//product.dangdang.com/26918604.html
 Python程序设计案例教程――从入门到机器学习（微课版）,38.7,257,//product.dangdang.com/25344268.html
 用Python动手学强化学习(全彩印刷）,70.9,243,//product.dangdang.com/29272045.html
 Python编程基础与应用,45.8,492,//product.dangdang.com/29386160.html
 Python网络编程从入门到精通,51.7,15,//product.dangdang.com/28552390.html
 Python自然语言处理入门,74.8,96,//product.dangdang.com/29350731.html
 Python数据整理,74.2,81,//product.dangdang.com/28970087.html
 Python青少年趣味编程,64.5,4,//product.dangdang.com/29260704.html
 【正版特价】实用卷积神经网络:运用Python实现高级深度学习模型|232446,31.74,3537,//product.dangdang.com/1810627318.html
 数据结构与算法：Python语言实现,87.2,321,//product.dangdang.com/25340656.html
 Python网络爬虫框架Scrapy从入门到精通,57.6,51,//product.dangdang.com/29220517.html
 Python商业数据挖掘（第6版）,88.5,6,//product.dangdang.com/29322346.html
 包邮 Python金融大数据挖掘与分析全流程详解|8062446,62.86,586,//product.dangdang.com/1709282475.html
 Python自动化编程实战―让繁琐工作自动化,44.9,8,//product.dangdang.com/29142968.html
 Python编程【正版图书，达额立减】,58.0,160,//product.dangdang.com/11030677713.html
 Python语言程序设计,33.1,70,//product.dangdang.com/26910215.html
 Python编程从入门到精通 计算机电脑编程入门自学零基础教程全套书籍 pathon编程从入门到实践python基础教程,49.8,2274,//product.dangdang.com/1849516878.html
 Python统计分析,62.4,708,//product.dangdang.com/26184453.html
 Python接口自动化测试,39.6,203,//product.dangdang.com/27873146.html
 Python实战之数据库应用和数据获取,35.5,87,//product.dangdang.com/28553868.html
 Python编程一学就会/少年创客学院,57.8,1407,//product.dangdang.com/29234153.html
 Python 3反爬虫原理与绕过实战,70.3,5860,//product.dangdang.com/28508464.html
 Python绝技：运用Python成为黑客,53.0,2442,//product.dangdang.com/23839735.html
 Python与量化投资：从基础到实战,66.4,2600,//product.dangdang.com/25248716.html
 Spark和Python机器学习实战：预测分析核心方法（第2版）,74.9,240,//product.dangdang.com/29384352.html
 Python编程无师自通――专业程序员的养成,37.76,1,//product.dangdang.com/1901110517.html
 接口自动化测试项目实战：Python 3.8+Requests+PyMySQL+pytest+Jenkins实现,29.5,649,//product.dangdang.com/29331067.html
 用Python写网络爬虫 [澳]理查德・劳森（,40.73,51,//product.dangdang.com/11061451410.html
 基于Python的语料库数据处理,48.3,63,//product.dangdang.com/28977892.html
 Python编程从零基础到项目实战（微课视频版）（第二版）,39.9,394,//product.dangdang.com/29308315.html
 Python气象数据处理与绘图基础,46.6,1426,//product.dangdang.com/29262551.html
 Python人工智能开发从入门到精通,86.8,181,//product.dangdang.com/28552563.html
 Python项目案例开发从入门到实战――爬虫、游戏和机器学习,39.9,136,//product.dangdang.com/26436548.html
 Python程序设计实用教程,47.6,161,//product.dangdang.com/25288911.html
 Python爬虫与反爬虫开发从入门到精通,65.3,244,//product.dangdang.com/29271764.html
 Python机器学习中的数学修炼,49.5,46,//product.dangdang.com/29233808.html
 Python深度学习入门 从零构建CNN和RNN,62.4,97,//product.dangdang.com/29202371.html
 Python程序设计任务驱动式教程,41.6,1174,//product.dangdang.com/29336685.html
 Python课程设计-微课视频版,42.3,353,//product.dangdang.com/29117891.html
 我的Python世界 玩《Minecraft我的世界》学Python编程,46.3,913,//product.dangdang.com/25305843.html
 在最好的年纪学Python――小学生趣味编程,29.9,1485,//product.dangdang.com/29161910.html
 Python生物信息学数据管理,54.5,187,//product.dangdang.com/24172474.html
 智能风控：Python金融风险管理与评分卡建模,44.5,81,//product.dangdang.com/28548802.html
 Python基础教程,57.8,10,//product.dangdang.com/27893254.html
 Python语言程序设计(Daniel Liang[梁勇]博士系列丛书之一，以实例教，由实践学，采用基础先行、问题驱动的,51.4,1527,//product.dangdang.com/23689934.html
 代替VBA！用Python轻松实现Excel编程,71.0,116,//product.dangdang.com/29355924.html
 Python程序设计(思政版),41.6,131,//product.dangdang.com/29265939.html
 Python基础与应用开发,50.1,49,//product.dangdang.com/29154703.html
 笨办法学Python 3 进阶篇,39.6,1122,//product.dangdang.com/28546281.html
 用Python动手学统计学,63.0,463,//product.dangdang.com/29257971.html
 用Python编程和实践！算法入门,44.9,64,//product.dangdang.com/29307356.html
 Python金融实战案例精粹,94.0,1207,//product.dangdang.com/28553103.html
 Python自动化运维快速入门（第2版）,66.7,347,//product.dangdang.com/29235467.html
 Python编程与数据分析基础,38.2,61,//product.dangdang.com/29294859.html
 Python数据科学实践,45.5,218,//product.dangdang.com/28973024.html
 Python算法设计与分析从入门到精通,39.9,52,//product.dangdang.com/29336692.html
 Python深度学习异常检测 使用Keras和PyTorch,73.5,383,//product.dangdang.com/29131983.html
 Python深度学习 deep learning with python中文版人工智能机器学习神经网络编程书籍,82.8,182,//product.dangdang.com/1017539815.html
 Python数学编程,39.6,1345,//product.dangdang.com/28505393.html
 【正版特价】Python编程从0到1（视频教学版）|232806,36.34,79,//product.dangdang.com/1810625228.html
" Python程序设计及应用 龚沛曾,杨志强 9787040567533 高等教育出版社",34.0,655,//product.dangdang.com/11056162937.html
 Python数据分析基础,44.0,1306,//product.dangdang.com/29327512.html
 Python王者归来,64.0,80,//product.dangdang.com/27856608.html
 Effective Python：编写高质量Python代码的90个有效方法(原书第2版）,83.9,133,//product.dangdang.com/29197099.html
 Python语言程序设计基础,36.3,999,//product.dangdang.com/27869821.html
 Python程序设计教程,14.5,110,//product.dangdang.com/26920760.html
 机器学习算法与应用（Python版）,41.6,49,//product.dangdang.com/29394764.html
 Python量化交易：策略、技巧与实战,78.2,2955,//product.dangdang.com/27914999.html
 Python语言数据分析,49.5,1991,//product.dangdang.com/29263331.html
 基于Python的金融分析,35.2,2,//product.dangdang.com/29116555.html
 Python自然语言处理实战：核心技术与算法,34.5,936,//product.dangdang.com/25286117.html
 Python数据分析与数据化运营 第2版,64.5,9,//product.dangdang.com/27884912.html
 Python编程 从入门到实践【正版上新】,42.26,554,//product.dangdang.com/11100997237.html
 Python少儿趣味编程,54.5,48,//product.dangdang.com/28475333.html
 Python极客项目编程 (美)温科特卡姆(Mahesh Venkitachalam) 著;王海鹏 译,34.5,1877,//product.dangdang.com/1310028347.html
 Python程序设计项目化教程（高等职业教育人工智能专业群系列教材）,44.2,2701,//product.dangdang.com/29388293.html
 Python程序设计基础,33.0,662,//product.dangdang.com/29388431.html
 Python密码学编程 第2版,70.3,305,//product.dangdang.com/28528805.html
 Python程序设计教程,39.0,162,//product.dangdang.com/29388422.html
 Python机器学习经典实例 第2版,69.9,174,//product.dangdang.com/29340074.html
 Python地理空间分析指南（第2版）,62.4,499,//product.dangdang.com/24242810.html
 Python金融衍生品大数据分析：建模、模拟、校准与对冲,96.0,589,//product.dangdang.com/29143011.html
 Python预测之美：数据分析与算法实战,94.0,53,//product.dangdang.com/28982031.html
 Python数值计算与模拟,39.9,286,//product.dangdang.com/29206512.html
 Python机器学习实战,29.9,75,//product.dangdang.com/29248895.html
 精通Python（微课视频版）,81.0,392,//product.dangdang.com/29166579.html
 Python微控制器编程从零开始 使用MicroPython,37.3,170,//product.dangdang.com/25330163.html
 趣学Python算法100例,49.5,216,//product.dangdang.com/29138958.html
 Python程序设计与案例教程,29.2,293,//product.dangdang.com/26510672.html
 Python数据可视化,49.5,27,//product.dangdang.com/28558338.html
 Python代码整洁之道,59.8,590,//product.dangdang.com/29308258.html
" Python数据挖掘入门与实践 [澳]Robert,【正版书】",52.28,90,//product.dangdang.com/11082930994.html
 Python代码整洁之道：编写优雅的代码,51.4,2492,//product.dangdang.com/29140585.html
 Python常用算法手册,47.2,446,//product.dangdang.com/29118860.html
 Python渗透测试编程技术：方法与实践（第2版）,34.5,274,//product.dangdang.com/29173245.html
 用Python编程和实践！深度学习教科书 深度学习实战 自动机器学习公式详解 python机器学习 人工智能算法 云原生,49.9,275,//product.dangdang.com/29212476.html
 中小学Python编程项目学习创意课堂（微课版）,59.8,153,//product.dangdang.com/29367849.html
 python编程 从入门到实践 全套2册跟我一起玩python编程从入门到精通快速上手基础及应用当当自营同款程自学教程高,32.8,28,//product.dangdang.com/11041445029.html
 Python机器学习及实践---- 从零开始通往Kaggle竞赛之路,24.5,1600,//product.dangdang.com/24043260.html
 自然语言处理NLP从入门到项目实战：Python语言实现,64.9,296,//product.dangdang.com/29326930.html
 Python数据结构与算法分析 第2版,62.4,1753,//product.dangdang.com/27926611.html
 Python量化交易,66.4,1696,//product.dangdang.com/27870346.html
 基于Python的大数据分析基础及实战 python数据分析与挖掘实战 数据分析与可视化从入门到精通 数据之道 数据库,34.9,8106,//product.dangdang.com/25307829.html
 Python Linux系统管理与自动化运维,44.5,1202,//product.dangdang.com/25164632.html
 Python语言程序设计,31.4,108,//product.dangdang.com/29211115.html
 Python工程应用――网络信息安全,33.7,2,//product.dangdang.com/29366755.html
 Python爬虫大数据采集与挖掘-微课视频版（大数据与人工智能技术丛书）,29.9,641,//product.dangdang.com/28544420.html
 Python数据分析、挖掘与可视化（慕课版）,39.3,490,//product.dangdang.com/28499341.html
 Python项目开发实战,39.5,365,//product.dangdang.com/29236470.html
 Python数据分析与挖掘实战,59.2,74,//product.dangdang.com/29233809.html
 Python量化交易从入门到实战,44.9,325,//product.dangdang.com/29208318.html
 Python期货量化交易实战,39.6,748,//product.dangdang.com/28522315.html
 Python大数据处理库PySpark实战,67.1,228,//product.dangdang.com/29207625.html
 Python程序设计实验教程,26.2,2157,//product.dangdang.com/29388415.html
 Python真好玩：教孩子学编程,44.0,214,//product.dangdang.com/27919783.html
 OpenCV 4.0+Python机器学习与计算机视觉实战,54.5,251,//product.dangdang.com/29378530.html
 趣玩Python：自动化办公真简单（双色+视频版）,70.3,484,//product.dangdang.com/29335794.html
 Python 金融数据分析――数据驱动金融,58.3,5,//product.dangdang.com/29385251.html
 Python Web开发从入门到精通,49.9,58,//product.dangdang.com/29249274.html
 计算思维与Python应用编程,49.3,1132,//product.dangdang.com/29394093.html
 Python程序设计基础（第2版）,41.6,619,//product.dangdang.com/25238171.html
 Python编程 从入门到实践[美]埃里克・马瑟斯(Eric Matthes)【正版图书，退换无忧】,55.0,825,//product.dangdang.com/11103242502.html
 量化交易入门与Python实践（21世纪通识教育系列教材）,28.1,290,//product.dangdang.com/29285061.html
 Python量化交易实战,59.2,37,//product.dangdang.com/26485746.html
 Python语言在Abaqus中的应用 第2版,51.4,1232,//product.dangdang.com/29145808.html
 Python游戏趣味编程,54.5,576,//product.dangdang.com/28973652.html
 Python Qt GUI与数据可视化编程 pyqt5教程书籍 pyqt5快速开发与实战Qt5 GU,69.3,473,//product.dangdang.com/1521341625.html
 Python中文自然语言处理基础与实战,47.2,233,//product.dangdang.com/29345388.html
 让工作化繁为简：用Python实现办公自动化,39.9,1602,//product.dangdang.com/29210139.html
 Python微服务开发,44.2,173,//product.dangdang.com/27852643.html
 Python渗透测试实战,39.5,744,//product.dangdang.com/29192759.html
 Python金融大数据分析 第二2版 金融数据科学算法交易量化金融计算入门书籍 金融科技计算机,97.3,148,//product.dangdang.com/1583787465.html
 父与子的编程之旅 与小卡特一起学Python 第3版（全彩印刷）,59.5,144,//product.dangdang.com/29140385.html
 简明Python教程 新,43.4,90,//product.dangdang.com/29250803.html
 零基础轻松学Python：青少年趣味编程（全彩版）,34.9,1273,//product.dangdang.com/28487240.html
 Python计算机视觉实战,44.5,543,//product.dangdang.com/29298972.html
 Python程序设计简明教程,33.1,288,//product.dangdang.com/28970294.html
 Python模块参考手册・日期与时间（全彩版）,26.9,1917,//product.dangdang.com/28990241.html
 Python袖珍指南（第五版）,19.0,10,//product.dangdang.com/23617285.html
 Python数据分析全流程实操指南,59.2,100,//product.dangdang.com/29122980.html
 Python办公自动化――玩转Excel（普通高等教育通识类课程新形态教材）,30.8,757,//product.dangdang.com/29381548.html
 零基础学Python网络爬虫案例实战全流程详解（高级进阶篇）,44.9,495,//product.dangdang.com/29265338.html
 Python开发技术标准教程,29.5,64,//product.dangdang.com/29388008.html
 Python数据处理,78.2,9167,//product.dangdang.com/25107100.html
 Python实验指导与习题集,33.1,1954,//product.dangdang.com/29372544.html
 Python程序设计基础及实践（慕课版）,47.2,585,//product.dangdang.com/29307998.html
 Python与有限元--基于Python编程的有限元分析及应用扩展,42.6,818,//product.dangdang.com/25216052.html
 Python Web自动化测试入门与实战,59.2,46,//product.dangdang.com/28551658.html
 Python数据可视化实战,47.2,358,//product.dangdang.com/29379788.html
 数学建模简明教程――基于Python,35.5,419,//product.dangdang.com/29339512.html
 你也能看得懂的Python算法书,46.6,4500,//product.dangdang.com/25579993.html
 Python并行编程实战（第二版）,39.5,203,//product.dangdang.com/29171653.html
 Python深度学习：基于PyTorch,44.5,3414,//product.dangdang.com/28475338.html
 Python数据分析基础,54.4,3615,//product.dangdang.com/25139426.html
 Python编程基础与科学计算,54.0,2651,//product.dangdang.com/29381279.html
 Python科学计算(第2版),88.5,9,//product.dangdang.com/23957701.html
 Python编程入门与实战,59.9,1449,//product.dangdang.com/29365102.html
 Python 3 面向对象编程（第2版）,66.4,424,//product.dangdang.com/25301983.html
 Python编程基础与案例集锦（中学版）,43.6,3976,//product.dangdang.com/26922174.html
 Python数据可视化之美：专业图表绘制指南（全彩）,101.9,6,//product.dangdang.com/28527228.html
 Python辅助Word+Excel：让办公更高效,49.9,148,//product.dangdang.com/29374156.html
 Python一行流：像专家一样写代码,66.7,1145,//product.dangdang.com/29307058.html
 Python科学计算和数据科学应用(第2版) 使用NumPy、SciPy和matplotlib,148.5,12,//product.dangdang.com/28974447.html
 Python基础教程第3版 Python编程从入门到实践 head first python学习手册 零基础入门学习Py,55.88,70,//product.dangdang.com/1116968669.html
 Python基础教程第3版三版 Python入门经典程序设计书 从入门到实践教程书 久负盛名的Python入门经典 中文,69.8,1834,//product.dangdang.com/1464222615.html
 Python数据分析与可视化,50.1,251,//product.dangdang.com/29393953.html
 Python数据分析与可视化从入门到精通,57.6,663,//product.dangdang.com/28528261.html
 Python编程宝典：迅速提高编程水平的100个关键技能,72.2,84,//product.dangdang.com/29198401.html
 Python核心编程 第3版 英文版,64.9,60,//product.dangdang.com/29283044.html
 Python网络爬虫与数据可视化应用实战 Python文本数据分析与挖掘 数据分析 数据之道 python 大数据 网络,54.5,1218,//product.dangdang.com/29324339.html
 Python数据结构学习笔记,47.2,3680,//product.dangdang.com/29237802.html
 Python数据分析与应用,39.3,207,//product.dangdang.com/25249785.html
 像计算机科学家一样思考Python 第2版,32.9,58,//product.dangdang.com/24003387.html
 Python数据挖掘与机器学习,29.9,67,//product.dangdang.com/29206727.html
 【新华网】Python学习手册 原书第五版 Python编程从入门到实践head first零基础入门学Python3基,116.5,7,//product.dangdang.com/633595938.html
 Python医学数据分析入门,44.9,9,//product.dangdang.com/29355443.html
 Python程序开发(中级),34.9,3212,//product.dangdang.com/29375736.html
 【正版特价】Python机器学习|230111,31.6,250,//product.dangdang.com/1729364655.html
 Python金融大数据分析 第2版,109.8,307,//product.dangdang.com/28527971.html
 Python程序设计基础,33.7,633,//product.dangdang.com/29382872.html
 Python OpenCV从入门到精通,39.9,63,//product.dangdang.com/29294856.html
 Python图形编程：2D和3D图像的创建,57.9,37,//product.dangdang.com/28539138.html
 Python量化金融编程从入门到精通,57.6,880,//product.dangdang.com/29167427.html
" Python数据科学手册 (美)杰克・万托布拉斯(Jake VanderPlas) 著;陶俊杰,陈小莉 译",76.3,4954,//product.dangdang.com/1043215577.html
 青少年学Python编程从入门到精通：视频案例版 中小学青少年编程儿童少儿编程 零基础学Python（全彩图解+高清视频,66.7,11,//product.dangdang.com/29374875.html
 Python 网络爬虫从入门到精通,51.4,124,//product.dangdang.com/27873714.html
 Head First Python(第二版),64.0,504,//product.dangdang.com/25216230.html
 Python数据分析基础 零编程经验也可学会用Python语言进行数据分析,51.75,458,//product.dangdang.com/1229976797.html
 Python监督学习,53.7,3,//product.dangdang.com/29384758.html
 Python App网络编程项目实战（微课视频版）,29.9,1412,//product.dangdang.com/29346955.html
 Python机器学习（原书第3版）,96.9,483,//product.dangdang.com/29250251.html
 Python程序设计教程（第2版）,58.6,4112,//product.dangdang.com/27924565.html
 Python编程入门与算法进阶,77.2,113,//product.dangdang.com/11115485574.html
 Python趣味编程：从入门到人工智能,44.2,453,//product.dangdang.com/27896566.html
 机器学习及Python应用,77.5,21,//product.dangdang.com/29221647.html
 Python数据科学手册,85.9,287,//product.dangdang.com/25228733.html
 编程小屋 Python 3.0 趣味教程,31.2,677,//product.dangdang.com/28972529.html
 Python程序设计基础与应用,38.7,22,//product.dangdang.com/25340689.html
 明解Python,64.9,461,//product.dangdang.com/29375735.html
 Python程序设计基础,50.1,9238,//product.dangdang.com/29391926.html
 Python程序开发(高级),34.9,112,//product.dangdang.com/29380874.html
 超简单：用Python让Excel飞起来（核心模块语法详解篇）,39.9,116,//product.dangdang.com/29317613.html
 Python金融大数据风控建模实战：基于机器学习,59.5,1739,//product.dangdang.com/28970088.html
 超简单的Python――人气讲师为你讲解程序开发,44.9,412,//product.dangdang.com/29357180.html
 Python机器学习实战案例（第2版）,29.5,7139,//product.dangdang.com/29391895.html
 深入浅出Python数据分析,44.5,227,//product.dangdang.com/29391920.html
 零基础入门学习Python（第2版）-微课视频版,44.5,1209,//product.dangdang.com/27865271.html
 用Python轻松设计控制系统,59.2,959,//product.dangdang.com/29302796.html
 高阶Python：代码精进之路,126.0,19,//product.dangdang.com/29388236.html
 Python数据分析 活用Pandas库,70.2,574,//product.dangdang.com/28523780.html
 Python最优化算法实战,50.3,872,//product.dangdang.com/29128615.html
 Python程序设计入门与实践,39.7,147,//product.dangdang.com/29201723.html
 Python趣味案例编程(全彩版),49.0,678,//product.dangdang.com/28980470.html
 给Python点颜色 青少年学编程,47.2,1641,//product.dangdang.com/27918348.html
 物联网应用设计与实战：基于AVR单片机和Python,46.6,775,//product.dangdang.com/26440992.html
 Python量化投资：技术 模型与策略,39.5,123,//product.dangdang.com/29133037.html
 Python从入门到项目实战（全程视频版）,49.9,2185,//product.dangdang.com/28539201.html
 Python数字信号处理应用,35.5,214,//product.dangdang.com/25232652.html
 Python科学计算入门日系图书 numpy sympy scipy pandas matplotlib应用方法 数据处,44.9,2,//product.dangdang.com/29297984.html
 Python数据可视化之matplotlib实践,39.6,54,//product.dangdang.com/25339676.html
 Python人工智能,34.5,510,//product.dangdang.com/29219537.html
 零基础编程入门学习笔记（套装共3册）（零基础Python+零基础C语言+零基础Java）,162.0,293,//product.dangdang.com/410280156.html
 写给新手的深度学习2――用 Python 实现的循环神经网络RNN和VAE、GAN 深入浅出图神经网络 神经网络与机器学,44.9,63,//product.dangdang.com/29345758.html
 Python实现Web UI自动化测试实战：Selenium 3/4+unittest/Pytest+GitLab+Je,49.9,242,//product.dangdang.com/29282172.html
 Python数据分析从入门到精通（微课视频版）,67.3,63,//product.dangdang.com/29247227.html
 学Python也可以这么有趣（看漫画 学编程）,34.9,375,//product.dangdang.com/29326358.html
 Python核心编程 第3版(第3版) 人民邮电出版社,49.5,970,//product.dangdang.com/1380033182.html
 Python数据分析与量化投资,49.3,1398,//product.dangdang.com/29325263.html
 Python青少年趣味编程,34.5,9124,//product.dangdang.com/28537745.html
 Python测试开发入门与实践,59.8,1089,//product.dangdang.com/29392801.html
 算法入门之西游漫记――Python语言版,74.5,574,//product.dangdang.com/29384344.html
 Excel×Python智能高效办公,39.9,115,//product.dangdang.com/29237161.html
 Python大数据分析与机器学习商业案例实战,49.9,53,//product.dangdang.com/28558389.html
 Python编程（第四版）,99.0,12750,//product.dangdang.com/23617284.html
 Python程序设计,52.0,26,//product.dangdang.com/29393024.html
 Python程序设计实践指导,32.0,4,//product.dangdang.com/29393033.html
 Python Web 开发从入门到实战（Django+Bootstrap）-微课视频版,29.9,1204,//product.dangdang.com/29114528.html
 Python编程练习与解答,37.3,1044,//product.dangdang.com/29201497.html
 漫画Python：编程入门超简单,29.9,5411,//product.dangdang.com/29329364.html
 Python数据结构和算法实战（第2版）Python编程从入门到实战数据结构与算法分析算法之美人工智能算法计算机程序设计,44.9,208,//product.dangdang.com/29382082.html
 Python机器学习+文本数据分析与挖掘+数值计算与模拟（套装3册）,119.7,23635,//product.dangdang.com/29302818.html
 Python Cookbook（第3版）中文版,72.4,714,//product.dangdang.com/23690527.html
 Python金融数据挖掘与分析实战,54.5,37,//product.dangdang.com/29349364.html
 Python统计可视化之Altair探索分析实践指南（全彩）,109.8,26032,//product.dangdang.com/29373973.html
 Python数据可视化之matplotlib精进,46.3,35,//product.dangdang.com/27862869.html
 Python自动化测试实战,50.3,935,//product.dangdang.com/28496655.html
 Python 黑帽子：黑客与渗透测试编程之道,62.4,636,//product.dangdang.com/29256066.html
 Python程序设计（第2版）,45.7,189,//product.dangdang.com/29348451.html
 Python 3图像处理实战,39.5,2331,//product.dangdang.com/29378998.html
 Python基础教程（第3版）,49.5,286,//product.dangdang.com/25218035.html
 青少年Python创意编程趣味课堂（微课版）,52.3,7306,//product.dangdang.com/28495119.html
 左手Python，右手Excel：带飞Excel的Python绝技,59.2,274,//product.dangdang.com/29359742.html
 Python开发与财务应用,39.3,136,//product.dangdang.com/29382605.html
 教孩子学编程：从Scratch图形化编程到Python语言编程（全彩印刷+视频讲解）（套装共3册）,172.0,79,//product.dangdang.com/29196711.html
 Python编程从入门到实践*2二版 编程入门零基础自学核心编程教程书籍 数据分析网络爬虫深度学习,82.35,212,//product.dangdang.com/673852652.html
 Python和Dask数据科学,59.8,141,//product.dangdang.com/28998663.html
 Python机器学习――原理、算法及案例实战-微课视频版,29.9,136,//product.dangdang.com/29329111.html
 学Python 不加班 轻松实现办公自动化,49.5,1253,//product.dangdang.com/29261388.html
 深入浅出Python量化交易实战,49.5,557,//product.dangdang.com/29347566.html
 Python机器学习基础教程,62.4,8145,//product.dangdang.com/25232007.html
 OpenCV 4计算机视觉：Python语言实现（原书第3版）,64.4,242,//product.dangdang.com/29298899.html
 Python GUI开发手册：基础・实战・强化,64.0,1,//product.dangdang.com/29376925.html
 Python数据分析从入门到精通,44.9,485,//product.dangdang.com/29248170.html
 统计计算与智能分析理论及其Python实践,125.6,4,//product.dangdang.com/29374837.html
 Python深度学习,94.0,9919,//product.dangdang.com/25324199.html
 Python硬件开发树莓派从入门到实践（全彩版）,49.0,398,//product.dangdang.com/29249039.html
 Python Web开发从入门到实践（全彩版）,49.0,327,//product.dangdang.com/29250277.html
 Python网络爬虫权威指南 第2版,62.3,5097,//product.dangdang.com/27857494.html
 Python程序设计与算法基础教程（第2版）-微课版,50.1,762,//product.dangdang.com/27890373.html
 Python自动化办公：3分钟完成一天工作,70.3,621,//product.dangdang.com/29261031.html
 Python安全攻防：渗透测试实战指南,64.4,1172,//product.dangdang.com/29131665.html
 趣味编程三剑客：从Scratch迈向Python和C++,89.2,615,//product.dangdang.com/28974460.html
 Python自动化办公从入门到精通――让Excel、Word、PPT飞起来,53.7,1220,//product.dangdang.com/29235558.html
 Python树莓派开发从入门到精通,44.9,234,//product.dangdang.com/29315253.html
 Python编程从入门到实战-轻松过二级,29.9,422,//product.dangdang.com/29226591.html
 Python语言及其应用(第2版),64.9,1009,//product.dangdang.com/29390276.html
 Python数学实验与建模,140.6,754,//product.dangdang.com/28547124.html
 人工智能+机器人入门与实战 用树莓派+Python+OpenCV制作计算机视觉机器人,46.3,171,//product.dangdang.com/28537600.html
 Selenium自动化测试完全指南 基于Python,49.5,319,//product.dangdang.com/29238631.html
 Python编程实战 妙趣横生的项目之旅,49.9,159,//product.dangdang.com/29260052.html
 Python Web数据分析可视化――基于Django框架的开发实战,34.5,2052,//product.dangdang.com/29391939.html
 轻松玩转Python少儿编程,66.7,5922,//product.dangdang.com/29348310.html
 Python 3标准库,129.4,2996,//product.dangdang.com/25534855.html
 Python快乐编程基础入门（21世纪高等学校计算机专业实用规划教材）,34.7,12954,//product.dangdang.com/27921598.html
 青少年Python编程入门,22.5,43,//product.dangdang.com/27869934.html
 Python神经网络编程,46.3,14,//product.dangdang.com/25251315.html
 AIoT系统开发：基于机器学习和Python深度学习,57.9,1,//product.dangdang.com/29298910.html
 Python基础教程 第3版+Office 2016实战技巧精粹辞典（全技巧视频版）,166.0,74,//product.dangdang.com/410271462.html
 Python数据分析实战宝典 套装共2册,156.0,103,//product.dangdang.com/29308988.html
 Python期货量化交易,54.9,64,//product.dangdang.com/29370641.html
 精通Twisted：Python事件驱动及异步编程,74.2,346,//product.dangdang.com/29177719.html
 Python网络爬虫编程超级魔卡,20.0,204,//product.dangdang.com/29277377.html
 Python数据可视化之Matplotlib与Pyecharts,51.0,2755,//product.dangdang.com/28556786.html
 SQLAlchemy Python数据库实战 第2版,44.2,619,//product.dangdang.com/27921631.html
 Python机器学习手册：从数据预处理到深度学习,59.7,187,//product.dangdang.com/27902091.html
 Python机器学习：数据建模与分析,78.2,1,//product.dangdang.com/29225137.html
 基于Python的DevOps,88.3,451,//product.dangdang.com/29382814.html
 案例学Python：青少年编程从入门到精通,89.0,299,//product.dangdang.com/29217015.html
 Python金融风险管理FRM（实战篇）,84.5,625,//product.dangdang.com/29385650.html
 基于Python的金融分析与风险管理（第2版）,84.0,303,//product.dangdang.com/29313031.html
 Python网络爬虫从入门到精通,49.9,505,//product.dangdang.com/29249275.html
 Python程序设计基础（第2版）,38.7,944,//product.dangdang.com/28482393.html
 零基础Python从入门到精通,34.9,80,//product.dangdang.com/29277275.html
 零基础学Python网络爬虫案例实战全流程详解（入门与提高篇）,49.5,81,//product.dangdang.com/29265320.html
 Python图像处理实战,70.3,1,//product.dangdang.com/29160375.html
 少儿编程趣学指南：Scratch3.0篇+Python篇 （全2册，全彩印刷）,34.5,403,//product.dangdang.com/28998646.html
 写给程序员的Python教程,62.4,530,//product.dangdang.com/28985055.html
 Python金融风险管理FRM（基础篇）,84.5,1337,//product.dangdang.com/29385651.html
 Python量化炒股入门与实战技巧,49.6,1,//product.dangdang.com/28543042.html
 零基础学Python（全彩版）,39.9,15475,//product.dangdang.com/28486010.html
 Python编程 从入门到实践 第2版,54.9,218258,//product.dangdang.com/29280602.html
 DK编程真好玩：9岁开始学Python,59.0,13745,//product.dangdang.com/27940162.html
 Python爬虫技术――深入理解原理、技术与开发,44.5,2591,//product.dangdang.com/28510027.html
 Python项目开发案例集锦（全彩版）,64.0,3513,//product.dangdang.com/28486019.html
 Python编程快速上手 让繁琐工作自动化 第2版,44.5,44571,//product.dangdang.com/29206214.html
 用Python编程和实践！数学教科书 机器学习 深度学习中必要的基础知识 人工智能 数学基础书 用python学数学 线,44.9,466,//product.dangdang.com/29257459.html
 Python+Office：轻松实现Python办公自动化,62.4,225,//product.dangdang.com/29274777.html
 利用Python进行数据分析（原书第2版）,77.4,33763,//product.dangdang.com/25312917.html
 Python数据分析从入门到实践（全彩版）,49.0,944,//product.dangdang.com/29249036.html
 Python语言程序设计基础（第2版）,32.1,6697,//product.dangdang.com/24189864.html
 Python编程超级魔卡(全彩版),14.9,2540,//product.dangdang.com/28979311.html
 Python编程三剑客新版：Python编程从入门到实践第2版+快速上手第2版+极客编程（当当套装共3册）,133.9,894,//product.dangdang.com/29301947.html
 超简单：用Python让Excel飞起来,34.9,5131,//product.dangdang.com/28999406.html
 Python学习手册（原书第5版）,142.4,10040,//product.dangdang.com/25576578.html
 Python青少年趣味编程全彩版 独家配备71集视频教学课程 手机扫码看视频 少儿编程 小学生趣味编程 教孩子学编程 少,52.3,3535,//product.dangdang.com/28524470.html
 Python网络爬虫从入门到实践（全彩版）,49.0,471,//product.dangdang.com/29249035.html
 看漫画学Python：有趣、有料、好玩、好用（全彩版）,59.7,6170,//product.dangdang.com/28547874.html
 程序员数学 用Python学透线性代数和微积分,102.5,179,//product.dangdang.com/29342404.html
 Python编程300例――快速构建可执行高质量代码,44.5,1476,//product.dangdang.com/28980121.html
 Python黑帽子：黑客与渗透测试编程之道（第2版）,79.0,2,//product.dangdang.com/29385527.html
 流畅的Python,109.6,10379,//product.dangdang.com/25071121.html
 超简单：用Python让Excel飞起来（实战150例）,39.9,879,//product.dangdang.com/29279837.html
 Python Qt GUI与数据可视化编程,66.4,3328,//product.dangdang.com/27918134.html
 用图形学Python 3,29.9,381,//product.dangdang.com/29222668.html
 零基础学Python爬虫 数据分析与可视化从入门到精通,44.9,2932,//product.dangdang.com/29166854.html
 Python工匠：案例、技巧与工程实践（基于Python 3.8，实现Python编程从入门到工匠的跃迁）,78.8,151,//product.dangdang.com/29367298.html
 Django + Vue.js实战派――Python Web开发与运维,96.0,1,//product.dangdang.com/29387504.html
 Python GUI 设计tkinter从入门到实践（全彩版）,49.0,520,//product.dangdang.com/29249040.html
 Python3网络爬虫开发实战 第2版,110.4,449,//product.dangdang.com/29339223.html
 日系图书用Python编程和实践！区块链教科书 从零创建简单区块链程序 比特币 元宇宙 数字货币 新金融底层技术 p2p,44.9,213,//product.dangdang.com/29257456.html
 Python GUI设计PyQt5从入门到实践（全彩版）,49.0,1041,//product.dangdang.com/29225822.html
 Python极客项目编程,46.3,3245,//product.dangdang.com/25060153.html
 Python OpenCV 从入门到实践（全彩版）,49.0,510,//product.dangdang.com/29250278.html
 Python实效编程百例・综合卷(全彩版),39.9,1460,//product.dangdang.com/28980468.html
 Python编程无师自通 专业程序员的养成,46.6,3490,//product.dangdang.com/26440157.html
 笨办法学Python 3,39.6,16148,//product.dangdang.com/25286312.html
 Python数据分析与可视化,29.9,251,//product.dangdang.com/29277911.html
 Python项目开发实战入门（全彩版）,49.0,955,//product.dangdang.com/28976933.html
 Python函数参考手册（全彩版）,26.9,855,//product.dangdang.com/28980472.html
 Python算法从入门到实践（全彩版）,49.0,248,//product.dangdang.com/29249037.html
 Python股票量化交易从入门到实践,49.9,2177,//product.dangdang.com/29279080.html
